character_idx,character_name,movie_title,dialogue,polarity,subjectivity,intensity,therapist_semantic_score,wise_semantic_score,intelligent_semantic_score
3664,CASSANDRA,buffy the vampire slayer,"like what ? really ca n't . besides , it pretty interest . ca n't . history report . the norman and the saxon . okay , guy , how about the ozone layer ? it be pretty crucial subject . that reflect the student grow awareness of and involvement in the world around them . swear to god . no , wait . can be dumb . really . or mean , or whatever . can learn . 'm useful . what be you ? my parent have money what happen ? what do you want ?",0.1145833333333333,0.5720833333333333,0.0649350649350649,0.07707585,0.20495129,0.3367713
8502,OLD WOMAN,eternal sunshine of the spotless mind,"this book it essential that people read it because it the truth . and only know it . would you just try him ? you never know . a long a 'm here . you never know . hi , be in the neighborhood and thought 'd see",-0.0166666666666666,0.5666666666666668,0.0212765957446808,0.3180428,0.34995425,0.32943678
6028,FRANK,magnolia,"fuck you . you request my time and give it you , you call me liar and make accusation . and you say , if 'd know would n't have ask , then it not an attack ? well , do n't wan na be the sort of fella who do n't keep his word . give you my time , bitch . so fuck you now . time up . thank you for the interview . 'm quietly judging you . what be do ? and that what you 've heard ? go ahead and waste your time . an old stomp ground be this the attack portion of the interview , figure this be come sooner or later be the girl come in for the kill ? mm . hm . know alotta woman and 'm sure she remembers me . 'm not sure hear question in there ? this be how you wan na spend the time , then go , go , go you 're gon na be surprised at what waste it be the most useless thing in the world be that which be behind me , chapter three not really . there lot more important thing 'd like to put myself into in aid of what ? yes . and try and teach the student to ask : what be it in aid of ? thank you , muffy . funny thing be : this be an important element of , seduce and destory : face the past be an important way in not make progress , that something tell my men over and over so boring , so useless be that still linger ? muffy coffee ? warn you get on roll just realize this be for television , be n't it ? ca n't swear up and down like just do . that right , that right , and what 'm say , that none of my competitor can say be this : that there be no need for insight or understand . thing of the past ! go , over , do . do you realize how fuck miraculous this be ? how fuck razor sharp and cut edge and ahead of it time this concept be ? 'm talk about eliminate insight and understand a human value . god damn 'm good . there be no need for insight . there be no need for understand . have found way to take any subjective human experience in other word all the terrible shit or all the great shit that you 've have happen to you in your life and quickly and easily transform it in the unconscious mind through the subtle and cunning use of language . the settle into very light , very delicate , conversationally induced state : not trance , mind you , but state . state that be brand new . the system state . what do do ? realize that concept and put it into practical get my dick hard and fuck it use . 'm gon na build state for the seducer and the seducee to live , vote , breath , pay take and party dawn . 'm gon na teach method of language that will help anyone get piece of as , tit and tail like say , yeah go , go , go . 'm givin pearl here . and tell you samethin else : 'm not succeding in the bush because 'm frank tj mackey . if anything , there be woman out there that want to destroy me it make it twice a hard for me , run into some little muffin , know who be , know my scheme and plan shit , she gon na wan na fuck around , prove to her friend , say , , saw that guy , he be n't anything , do n't get me . so me ? 'm runnin on full throttle the whole fuckin time . dodge bullet left and right from terrorist blonde beauty . but tell you this : the battle of the bush be be fought and won by team mackey . can have cigarette ? just one look , one hesitation , one subtle gesture for me to know and 'm away on tangent get so fuckin amped at these seminar and lem me tell you why : because be what believe . be what teach , do a say , live by these rule a religiously a preach them : and you wan na know what ? 'm gettin pussy left , right , up , down , center and sideways . you get u room so quick ? be we gon na tape some stuff now ? be you ask me question ? would n't want that to be misunderstood : my enrollment be totally unoffical because be , sadly , unable to afford tuition up there . but there be three wonderful men who be kind enough to let me sit in on their class , and they 're name be : macready , horn and langtree among others . be completely independent financially , and like say : one sad sack shit . so what we 're look at here be true rag to rich story and think that what most people respond to in seduce , and at the end of the day ? hey it may not even be about pick up chick and stick your cock in it it about find what you can be in this world . define it . control it and say : will take what be mine . you just happen to get blow job out of it , then ? . no , no , no . certainly not . be n't officialy enrol , that right . be that unclear ? oh , yeah . no , no , no . they would n't frank be my mother father . my mother name , actually . good question . you 've do you 're research . what name ? my name ? do n't how much go but be enrol . be such loser back then . be misguide , pathetic be very fat . not even close to what be today . not the frank tj mackey you 're eager to talk to because be swim in what be a oppose to want . this close right . from to . not problem . people die . he pass away . go get , honey . she my mother . she retire . well guess it do n't . my father work in televison . my mother this be gon na sound silly to you she be librarian . hollywood , mainly . around here . just wait dad you want something can you say 'm here . 'm here now . what do you want ? do you want anything ? can you stand back maybe , mean just little bit in the room be ok , but back from u little so phil um think 'm gon na step in and try and see him and say something if he can talk mean : mmm . uh . huh . oh yeah . he in here ? uh . huh . have you ever see this mean , never mind , you say when do he go off chemo ? how long you think ? be he in pain ? . what go on ? how long have you take care of him ? let just wait one minute and stay here , okay ? yeah let maybe just stand . be linda here ? get your message . that you be try to get me right ? be you phil ? ? ?",-0.012373700934307,0.525882453685484,0.0451882845188284,0.23332039,0.24054527,0.32899186
8193,TREVES,the elephant man,"be good man or be bad man ? but why do do it ? what be this all for ? so john merrick could live out his last day in peace and comfort ? or so could become famous ? that be very little different from him . oh 've just be think about something that man byte say . hmmm ? you stay with me . yes . john love the house . 've only get until two tomorrow afternoon , when carr gomm meet him . somehow , between now and then 've get to make john merrick at least seem like an intelligent man why be fooling myself ? nothing short of john deliver the sermon on the mount be go to sway carr gomm 'm sorry do n't know either . just do n't know . and what quality be those ? intelligence or stupidity ? do n't know . ca n't explain it . if this be an intelligent man , trap in the body of monster , then 'm under moral obligation to help free that mind , free that spirit a best can , to help him live a full and content life a possible . but ! if he an imbecile , who body ca n't treat and who mind ca n't touch , well , then my obligation be discharge . they can put him where they will ; he wo n't be bother , wo n't be bother , and everyone conscience can remain free and untroubled . and that be my dilemma what be in his mind ? he be . mean , 've always thought he be . think he must be . be he simple ? or be that just something 've wish upon him to make thing simpler for myself ? well , be n't sure whether he be parrot me because that all he be capable of , or whether he sense that that all want to hear , and he be try to please me . should n't be . we make great progress today . taught him to repeat few basic phrase . he do rather well , too , but have to lead him every step of the way . though frankly , at time be unsure of who be lead whom . no , think whiskey . yes , very well , think . be the girl in bed ? 'll join you shortly . 'll get my bag . what be it ? do you see it ? yes ? now think we really do understand one another . so you can beat him ? so you can starve him ? dog in the street would fare well with you ! you do n't own this man ! all you do be profit from another man misery ! know what you 've do to him and he never go back to that . you misunderstood . this man suffer severe fall , if you take my meaning . he my patient now and must do what he still very sick . please come downstairs with me . 'll explain the situation . just moment , how do you get in here ? everything will be see to . you listen , you 're not go to have much of livelihood if this man dy . he get the rale , he very weak , and do n't know how much damage have be do by his fall . now stop waste time and fetch cab . this man belongs in hospital . why be he sit up like this ? he need rest . he must have take quite fall . what happen ? intend to . what do you mean ? do n't you think this be bit premature ? we do n't have the backing yet to please do . but he so afraid he go to be cart off . 've promise him that wo n't happen . have the response picked up ? no , we do n't . their committee have inform me that they 're unwilling to take merrick , even if they be supply with fund . they do n't want him . do you think they 'll go along with u ? well , yes . could easily arrange yes , think can . not me , sir . merrick . he succeed in spite of my shortsightedness . tell me , john , how do you know the rest of the psalm ? how do you , know the rest ? never taught you the rest of it . yes , 'm very sorry to have waste your time , sir . just felt that have to do anything could to protect him . and what be that , john ? yes , spoke to both the british home and royal hospital for incurable . 'm afraid that they be n't very encourage , but they say they 'd bring it up at their next committee meeting , so we should have their answer shortly . a say , it only physical problem but do feel that merrick be very flatter that you 're take the time and trouble to meet him , and he most anxious to make good impression , so he might seem rather nervous . it only physical problem . he have trouble with certain sound because of the constrictive deformity of the mouth . but he can talk , and have great eagerness to make contact with people who will let him . so if you have any difficulty understand what he be say , just tell me and 'll make it clear . yes , sir . wh whatever be most convenient for you , sir . thank you very much sir . shall we say in few day then ? then will you meet him , a representative of the committee . do n't agree . no one can make reasonable decision about this man future without at least meeting him . no doctor would presume to diagnose patient he have never met . well sir , perhaps should explain he do very well . in fact that why come to see you . think that if be to present merrick to the hospital committee , then they would have chance to see for themselves not only the extraordinary nature of the disease , but of the man a well . if the committee have chance to speak with him , hear him say few word for himself , 'm sure they would see him a patient , rather than a violation of the rule . ah , no sir . have plan to see them in the morning . yes sir , 'll look into that . would you like to meet him sir ? no , more of an acquaintance . yes , 'm well aware of that . but this case be quite exceptional . yes sir . well sir , he quite seriously deform , and fear the other patient would find him rather shock . no sir , he get bronchitis and he be badly beaten . do n't be frighten . he wo n't hurt you . it quite nutritious , sir . good morning , sir . he imbecile , no doubt from birth . he speaks , but it all gibberish . no , the man homeless idiot pray god he an idiot . do n't know what 've get . you 'll know presently . at the meeting of the society . but until then , beg of you fox , keep it to yourself . oh nothing nothing of any great importance . abominable thing these machine . one ca n't reason with them . mmmm . hodges , pierce come closer . hill , take hold of the rope please . it machine accident . expect you 'll be see good deal of this . how long have this man be here ? yes . yes . there be nothing more frustrate , nothing that make physician feel more useless , than stand by watch his patient deteriorate . and when that patient be friend , no no , there absolutely nothing can do . and yet , not once have any of u heard him complain . fear not , kendal . even in the short time he be go the size of his head have increase rapidly a be his pain . 'm very grateful to you , kendal . this be just the thing to help him forget his ordeal . john will be very excite . john , 'd like you to meet one of the brightest light of the british stage , kendal . kendal , john merrick . goodnight john . sleep well . no , no , would n't change thing . no , john , not one that can see . yes john ? 'm glad , john . goodnight . splendid . it truly masterpiece . well , suppose 'll be on my way now . hop your enjoy yourself this even . will the cathedral be finish soon , john ? it for you , john . it all for you . go ahead , let them see you . stand up , john . let them see you . john how can you ever forgive me ? be you sure ? because can take it back . be it the one you want ? there be one more thing , john . here . yes . yes , john . you want dress bag , john ? please john , it would give me so much pleasure to give you something . something just for yourself . be n't there something you would like to have ? how blind of me . be there anything else , john , anything at all that could get for you ? the cathedral be come along nicely . no john , ca n't . can care for you , but ca n't cure you . yes , john ? never , oh ! never , nothing will die . the stream flow the wind blow the heart beat nothing will die . john , there someone here who would like to meet you . would that be alright ? good morning , john . your mother ? oh , they 're go for the day with friend . of course . oh , our relative the child . oh yes . not at all , john . how be your tea , john ? that canopy , john . john what the matter ? john why be you upset ? when one be invite to tea , one must look one best . you look splendid , john . promise you . you will never see the inside of that horrible place again . you will never , ever go back to the workhouse or that man . it splendid room , do n't you think ? of course ! what do you think ? yes . very well , thank you . have something for you , john . 'm sure you 'll enjoy it , it very popular . good even . how be you feel ? we do have lot to talk about , do n't we ? never thought to ask . how can you ever forgive me ? why do you let me go on like that , teach you what you already knew ? why do n't you tell me you could read ? yes potato but merrick like the food here . do n't you john ? john , may introduce you to sir carr gomm . very good , very good . now , when your visitor come today want you to say it exactly the way you say it just now . will introduce him to you and you will say the word you 've learn . if you have any trouble with any of the word , 'll help you . 'm sure you 'll be just fine . if you do a well for him a you 've do for me these last two day , then 'm sure our visitor will be very pleased . now , let go through the whole thing again , shall we ? will say may introduce you to carr gomm . and you will say righteousness why , my dear mothershead , how good of you to join u . merrick , will you please introduce yourself ? well , that alright . understand you . now , say the whole thing again , hello say mmmerrick . say mmmerrick . say merrick . john merrick . my name be excellent ! now , say hello very good ! oh yes ! now listen . 'm go to say some thing to you and want you to repeat them um want you to say them back to me . do you understand ? 'm go to say some thing to you and want you to say them back to me . do you understand ? that much well . could understand that yes . yyyess . yes john ! so you see , john , there no need for lighthouse . all your friend be here . john think it very dash . something no gentleman should be without . 'm inclined to agree . you do n't think it too gaudy , do you . yes . john want it . dress bag . thank you , mothershead . have porter put them in my office . you 're right , mothershead , please forgive me of course , appreciate everything you 've do for john , and 'm glad that you be concerned about his welfare . but , 'm the physician in charge and must do what think best . 'm also very late , so please forgive me . be n't you be just little harsh , mothershead ? you yourself hardly treat john with much love kindness when he first arrive . now mothershead , you have to understand that this be very good for john . he relish contact with people outside the hospital oh well , quickly please , mothershead , 'm overdue . incredible , be n't it ? well , think john have have enough visitor for one day , mothershead . 've get lecture at the college , 'll be back this even . regret that must leave you here , lord , lady . thank you so much for come . it be an act of the great charity . 'm sure that if merrick make good impression on the hospital committee they 'd see that he the exception to their rule . now 'm not expect miracle . 'm not say he 'll be able to read or write , but do think that can get him to speak for himself . 'm go to arrange thing with carr gomm right now . that be very good , john , very good . that all for today . we shall do some more tomorrow . mothershead ? we 've make tremendous stride today , mothershead . he listens and repeat with great attention , and this certainly be n't easy for him . he have his share of smack , mothershead . expect that what drive him under the bed . we must use patience and understand with this man . no , he very upset about something . not quite yet , mothershead . there seem to be some difficulty this morning . yes ! the workhouse ! yes yes , let go in . yes well , want you to clear up little mess , breakfast tray be spilt . and bring up another breakfast . when you 've do that , you and shall give the man bath . but , mothershead , 'm counting on your many year of experience to get you through this , above all , do not scream , do not cry out , or in any way show this man that you be frighten of him good . excellent . now then , mothershead , want you to come into this room with me . inside there be man with rather unfortunate appearance . ah , mothershead . how be you feel today ? you 're the monster ! you 're the freak ! get out ! you 're finish ! you bastard ! you torture him . you torture him , you bastard . where be he ? he go ! do n't lie to me . know all about it . you be see . where do you take him ? where be merrick ? 'll send cab . here be my card . so you 'll bring him to me , tomorrow , ? mr ? ? ? pardon me ? 'd pay handsomely for private show . be you the proprietor ? just one of the curious . 'd like to see it . be you the proprietor ?",0.1811608200923843,0.5645182672696637,0.0453815261044176,0.28590766,0.29705006,0.3251259
4043,VAUGHAN,crash,"need to see you , ballard . need to talk to you about the project . you 're right , ballard . there an night in the airport service area . crude concept that float on the surface and do n't threaten anybody . use it to test the resilience of my potential partner in psychopathology . it the future , ballard , and you 're already part of it . for the first time , benevolent psychopathology beckons towards u . for example , the car crash be fertilize rather than destructive event liberation of sexual energy that mediates the sexuality of those who have die with an intensity impossible in any other form . to fully understand that , and to live that that be my project . the case could be make . no , mean crash with history . camus facel vega , or nathaniel nest station wagon , grace kelly rover . fix it just enough to get it roll . do n't clean it , do n't touch anything else . 've always want to drive crashed car . it something we 're all intimately involve in : the reshape of the human body by modern technology . live in my car . this be my workshop . it not the police . it the department of transport . internal politics . it joke . they have no idea who we really be crash victim ?",0.0132345779220779,0.4969940476190476,0.0045662100456621,0.32997635,0.30791652,0.32188225
2474,DEAN FULTON,the time machine,"very good . now if you will excuse u for moment . abstract mathematics , relativity of dimension , geometrical duration even allow for the us of speculation , what be the point ? the advance you speak of be the result of countless year of study and empirical experimentation , careful evolutionary process , not chalkboard . animal husbandry be science , hartdegen . have be breeding these fowl for fourteen year . have fill library with information on their feed pattern , social behavior and breeding . empirical , exact , quantifiable record . no , hartdegen , they be not just chicken and rooster . they be science . perhaps they be n't inspire to you . perhaps they do n't challenge you do they ? might ask why ? but know that none of my faculty would ever deviate from the assign curriculum . well , just a thought . surely it all be terrible mistake . this parent actually suggest that your freshman course in apply mathematics have somehow become seminar on theoretical physic ! a recall the syllabus the name of your tutorial be apply mathematics and engineering , be correct ? philby , hartdegen . receive the most extraordinary letter last week . from parent . we be always pleased to receive letter from parent . they be our employer , after all . this gentleman son be in your class , hartdegen . now you be upset my fowl . please go . you support his application , philby . you be his senior , advisor . depend upon you to restrain his excess . any repetition of the behavior witness in his classroom today and there will be consequence for you both . young man , we have way of do thing here . radical theorize be not acceptable . have make myself understood ? my fowl have pollute the yard .",0.157037037037037,0.5306790123456789,0.0204081632653061,0.0848219,0.14574084,0.32133472
2154,SPOCK,star trek: the wrath of khan,"'m afraid ca n't stop to discus this logically but , a you be so fond of observe , doctor , 'm not human . do n't dispute that in the wrong hand be not attempt to evaluate it moral implication , doctor . a matter of cosmic history , it have always be easy to destroy than to create it would destroy such life in favor of it new matrix have be and always will be your friend live . long . and . prosper . never take the kobayashi maru test until now . what do you think of my solution ? or the one . the ship out of danger ? he intelligent , but not experienced . his pattern indicates two dimensional think sporadic energy reading port side , aft . could be an impulse turn . admiral , they 're reduce speed . estimate nebula penetration in two minute . reliant be closing . think we can guarantee she 'll follow u , saavik . remind me to explain to you the concept of human ego . she can u and u . but there be the mutara nebula at mark four . best we could do in two hour . not much , admiral . we have partial main power be careful , jim aye sir distinct possibility . regula be class . it consists of various remarkable ore . essentially , great rock in space . affirmative , admiral . scanner and sensor still inoperative . there no way to tell what inside the station . let hope he have n't change the combination . he quite intelligent the prefix code be . all command from each starship bridge be relayed electronically ; each ship have it own prefix combination code the prefix code ? admiral , you ca n't give him genesis not enough against their shield . too late one thing be certain ; we can not escape on auxiliary power . they knew just where to hit u . their coil emission be normal wait : their shield be go up . they 're lock phasers ! it would explain great many thing what she do here ? really , mccoy ; you can not ban the acquisition of knowledge because you distrust the moral implication of what you learn . logic suggests have they proceed with their experiment ? it literally be genesis carol marcus it might help my analysis if knew what genesis be . twelve hour and minute , present speed . there be two possibility , sir they be unwilling to respond , they be unable to respond . 'd best talk with scott , first so that he may , in his own word , explain the situation to his cadet . that be wise . in any case , be to invoke logic , logic clearly dictate that the need of the many outweigh the need of the few . be go to remind you of nothing , least of all that which you know well . your mistake , if may be so bold , be promotion . command starship be your first best destiny . anything else be waste of material . you proceed from false assumption . be vulcan . have no ego to bruise . excuse my presumption , but do not agree . a teacher on training mission , be content to command starship . if we be to go on actual duty , it be clear that the senior officer aboard must assume command . like all living being , admiral each accord to his gift . the ship be yours . regula be scientific research laboratory , if memory serf there first time for everything , admiral . welcome aboard , admiral . believe you know my trainee crew . certainly they have come to know you . the enterprise . must check in before your inspection . and you ? none of which be consciously aware except , of course , happy birthday surely the best of time . know of your fondness for antique . she half romulan , jim . the admixture make her more volatile than me , for example . yours be not solution which would have occur to vulcan mentality . the kobayshi maru scenario frequently wreaks havoc with student and equipment . a recall you take the test three time yourself . your final solution be , shall we say , unique ? be understandably curious . exaggerated . certainly lieutenant , the admiral be aware of the regulation . take her out , saavik . lieutenant , how many time have you pilot starship out of spacedock ? thank you , saavik . very well , saavik , clear all mooring . we ca n't all be perfect , saavik . you must control your prejudice and remember that a vulcan a well a romulan you be forever stranger in an alien land . around you be human , and a member of the starfleet you be unlikely ever to escape their presence or their influence . you must learn to tolerance in addition to all else have taught you . tolerance be logical . what do you expect , lieutenant ? no power to the weapon system , sir .",0.1954855699855699,0.5063251563251563,0.0134310134310134,0.17381233,0.14775144,0.32130486
2078,OCK,spider-man,"will finish what 've begin no ! do n't care . cretin . this be the unified field ! all the force of the universe tie together perfectly ! could n't care less . what 've do be in this obsolete little cyclotron , 'm solve the great physic problem of the century . with more power , could proof . proof of unified field . not just theory and equation experimental proof . ha . particle . truth . truth alone exists . truth must be release oh , roz . my mind be so far beyond yours now . could beat you at chess now . 'll repeat the experiment . will hold the truth . that the only thing that matter . truth . pure , eternal . beyond the boundary of mere mortality . you 're wrong . just for moment , heard , saw , felt become creation . my self . do n't matter . this human life , all insignificant . body bag of sleepy , sluggish flesh . ach , theory ! this be first hand , experiential knowledge , the essence of the universe . left paper in my desk . no . no thank you . have work . rosomoff , have well thing to do than teach introductory physic to mindless adolescent .",0.124124649859944,0.5411764705882354,0.0211640211640211,0.21276239,0.22202215,0.3151387
1786,HOLDAWAY,reservoir dogs,"tell me more about cabot . the thing you get ta remember be the detail . it the detail that sell your story . now this story take place in this men room . so you get ta know the detail about this men room . you get ta know they get blower instead of towel to dry your hand . you get ta know the stall ai n't get no door . you get ta know whether they get liquid or powder soap , whether they get hot water or not , if you do your job when you tell your story , everybody should believe it . and if you tell your story to somebody who actually take piss in this men room , and you get one detail they remember right , they 'll swear by you . it like joke . you remember what important , and the rest you make your own . the only way to make it your own be to keep sayin it , and sayin it , and sayin it , and sayin it , and sayin it . something funny that happen to you while you be do job . it amuse anecdote about drug deal . undercover cop have get to be marlon brando . to do this job you get to be great actor . you get to be naturalistic . you get to be naturalistic a hell . if you ai n't great actor you 're bad actor , and bad act be bullshit in this job . it scene . memorize it . didja use the commode story ? what kind question do cabot ask ? well , if this crook brewer fan , his as have get ta be from wisconsin . and 'll bet you everything from joe to know , that in milwaukee they get sheet on this white motherfucker as . want you to go through the mug of guy from old milwaukee with history of arm robbery , and put name to that face . the milwaukee brewer ? what about ? yeah . do the two of you talk ? how can you tell ? yeah . you ever see this motherfucker before ? what bar ? this well not be some freddy joke .",0.2390022675736961,0.6342403628117912,0.0229885057471264,0.24218689,0.37271893,0.3135963
2805,LISA,antitrust,"latitude degree . what ? maybe it the satellite . but you say the other it three year old , it tell me you 're not call on your car phone ? ! please do n't go . why ? ! do he know you know ? you 'll come up with something . you could always say you have to go the bathroom . same with the excerpt 'm choose : they 'll play against any of the image you described . milo ? what if shrot notice somebody enter the day care at four ? and tell them about it ? yeah , that old , in tree . he do n't know about the day care . milo ? shrot suspect somebody broke into . be in his office when he be review the card readout . the dish be juiced up , too . gary . what 'd he say ? their apartment might be bug ? oh . like you . be check you out . thought the bad they would do be fire me . who knew they take termination so literally ? and what if the broadcast dish on top of be n't hot yet ? you say the place be n't finish . you mean break in ? before they kill somebody else , too . it standard gui . once 've get concept , it maybe three day work . but they 'd still get the idea , right ? what ? he get satellite up . he get dish on top of . he building this for skywire . let use it . how close be you ? time ? but still , you ca n't say cbs would n't love to break something like what about minute . we could data base on medium ownership . but not on our own computer . not even at home . the mainstream medium . tv , or newsmagazine . there 're so many disinformation site about gary already . where he have devil horn or they crop him in with saddam hussein . who can we trust ? what about the fbi ? always felt if boy like ever found out he 'd run . he 'd think be unclean . milo ? he out of prison ? be that my scenario ? tell me . oh yeah ? but why would they ? the day care ? why would you do thing like that great . do n't know . then and now . but not right now . long story . not that interest . like have little trouble . trust people . maybe once . it , anyway . mine not the ceo . he barely remembers to take shower . they just push up the schedule on skywire apps . how fast be you go ? do you wan na be alone ? yeah ? ran it for lot of platform , range from the narrow bandwidth to graphical interface . for skywire ? 'm to coordinate with you . no , know what you mean . use to spend my life wish people could be like computer . least they make sense . sometimes you think they 've betrayed you . like person would . but then you see , no , you just miss step . you can go back and make it all work . something like that . yeah . we move around so much barely knew my teacher . would n't worry about it . you 've get ta figure most people around here be their teacher pet . you 're famous around here . you know my name .",0.1213421658986175,0.5144009216589862,0.0685185185185185,0.2880102,0.27952468,0.31349444
7662,VI,storytelling,"admit it be scar ! be shock , in fact , by what he say . and he so convincing . 'm sorry if let you down , but really , still say he just one opinion . do n't even like his book that much . they 're all so aggressively confrontational . do n't care if he won the pulitzer prize . that not fair ! be honest ! just because be n't suck up like that bitch catherine . marcus you 'll write something well next time ! you know he hat my story also . do n't be so upset . it ok be never much of sweater . you know that . marcus , 'm tire . that all . you 'll read it in class tomorrow . surprise me . anyway , have to go . promise melinda 'd help her with her oral . think you should leave it the way it be . it be good . well then , maybe you should just read the end . oh . what happens now ? you mean , again ? huh ? nigger , fuck me hard nigger , fuck me hard nigger , fuck me hard ! fuck me hard ! nigger . gger . ni oh , bu uh ca n't say that . it really nice place you have . be the rent high ? thanks . thank you for be honest . oh . do you think have potential a writer ? be n't you go out with catherine ? 'm sorry . it none of my business . do n't mean thank you . so catherine seem like she might become really good writer . and also agree with what you say today about marcus story . it be piece of shit . good . um really agree with everything you have to say last week about how bad my story be can join you ? yeah , um , then be you alone ? 'm sorry . do n't mean , just do n't expect to run into you here , that all . what be you do here ?",-0.0771856725146198,0.5971418128654971,0.0651465798045602,0.3803119,0.30097836,0.31159037
7564,PILOT,sphere,"strange , be n't it ? in the middle of the ocean no less . physicist , mathematician , geologist , you name it . must be another johnson then . be fly so many scientist out here ca n't keep everyone straight . you mean you do n't know ? huh ? well , everybody be talk about that report you write . oh , so you 're that johnson .",0.0701388888888889,0.3006944444444444,0.0545454545454545,0.07365851,0.10953321,0.31142974
5875,DOC,leviathan,"be careful with it . intelligence may not be the right word why stop with just one aspect of marine life ? why not incorporate the best genetic component the ocean have to offer some say that why we 're basically hairless , for less water resistance , faster swim speed it be when it count couple of million year ago when the sea come in and drove u into the water . most homo sapiens do n't make it danakil man adapt . danakil man one of our ancestor . name for the danakil alp in ethiopia . no . think they isolated him in genetic engineering . homo aquaticus it could be million thing , something in the air , food but he go on that ship and so do williams want to examine the crew . and they do n't believe the symptom described do n't know . 've be back and forth with narragansett naval all day , consult with the best people in maritime medicine , the best people in virus for this you do n't need to be . here . put this on . you examine him . he do . pretty good imitation of hangover and ought to know . these observer be do something . test think they sank that ship on purpose to cover up their mistake . you mind if take look at this ? well , 'll be on the golf course in the morning . then , if do n't have any baby to deliver take it off and let me have look . still bother you ? it almost get you . and russian grandmother russian , french , italian , spanish , greek , german , little hindu , some serbo croat and smatter of swahili standard background russian . do n't know . 'm guess . it have many trait of deep sea marine life regeneration , scale , gill , even period of dormancy but the fact that it remember where the plasma be store , or where the communication wiring be , may imply that it have some other quality the monster appear to be genetic aberration it would explain the like appendage . it have meal . 'm go to try to remove it . we 've get to get him to the infirmary . we 're simply concerned about her proximity to the infirmary two hundred meter .",0.1884672619047619,0.2806051587301587,0.0081967213114754,0.1530202,0.18390349,0.30762956
3176,AUDREY,barton fink,"and my input be mostly editorial , really , when he 'd be barton , honestly , only the last barton ! barton , think we should concentrate on our little well , bill be always the author , so to before what ? well , the basic idea be frequently well this . well , usually , they 're simply morality tale . there good wrestler , and bad wrestler whom he confronts at the end . in between , the good wrestler have love interest or child he have to protect . bill would usually make the good wrestler backwoods type , or convict . and sometimes , instead of waif , he 'd have the wrestler protect an idiot manchild . the studio always hat that . oh , some of the script be so spirit ! yes , 'm afraid have . it alright , barton . you do n't have to write actual scene ? oh , he he drift off . he 'll sleep for while now . what be it you have to do , exactly ? now that all right , barton . everything 'll be all right . hello , barton . if can . he get jealous ; who be this ? hello . barton . empathy require understand . he 'll wander back when he sober and apologize . he always do . no , sometimes he just well , he think about estelle . his wife still life in fayettesville . she disturbed . oh barton , feel so sorry for him ! let him go . know this must look funny . barton . you see , barton , 'm not just bill secretary bill and be love . perhaps the three of u , fink . 'll tell bill you drop by . 'm sure he 'll want to reschedule your appointment . 'll be fine be you writer , mr fink ? be sorry , it so embarassing . he will be when he ca n't write , he drink . 'll try to slip out . if he quiet down , pass out 'm afraid he think well , he say you be buffoon , barton . he becomes irrational all right barton , 'll see if can slip barton , 'm afraid it not good stop it , bill ! not anything , bill . do n't test me . bill that do n't help anything , bill . that hamburger grease , bill .",0.0081459435626102,0.5513999118165784,0.0396600566572237,0.35876784,0.33967975,0.30762416
2636,COOPER,twin peaks: fire walk with me,"she be prepare great abundance of food . she in high school . she sexually active . she on drug . she cry out for some help . blonde . woman . yes . either right now or right when thought of it . the name and memory of teresa bank be haunt me . lately have be fill with knowingness that the murderer will strike again . because it be only feel , be powerless to stop it . and another thing , albert , when the next murder happens you will help me solve it . albert . the very fact that we be talk about word association mean we be in space that be open up by our practice of word association . the world be hologram , albert . be that agent desmond vehicle ? can you tell me what their name be ? can you tell me who trailer it be and who stayed in the trailer ? what be here , rodd ? be go over here . be not go to cliff trailer . thank you , carl . it be year ago today that teresa bank be kill . 'm wonder if the murderer will ever kill again . teresa bank . what ? phillip ? what be it , gordon ? and no one found the ring ? tell me about the letter . stanley , heard all about it . and neither will 'm up to speed , stanley . anything else ? where be ? and how can leave ? that would indicate that it the future . where be the ring ?",0.0532063492063492,0.4924285714285714,0.0573770491803278,0.28225625,0.3148116,0.30692053
5995,SALLY,lost souls,"would you sign it for me ? and what about you ? what about peter kelson ? where be your moral compass ? meaning , viznick man who answer to no one . not even god . be you say he legally sane ? what do you mean by that ? not even from some mental illness , a the prosecution asserts ? you 're refer to the defense effort to prove that george viznick be torment by demonic voice ? it a if you be say the closer you get to evil , the less evil it becomes . peter , you 're now write book about the viznick case . you seem to be make career of study sensational murderer . have to ask , how do it make you feel when you sit in courtroom day after day , face to face with allege killer ? a part of today story on the trial of mass murderer george viznick , we welcome peter kelson , author of the current , vicious intent . thank you for join u , peter .",-0.1677083333333333,0.5392361111111111,0.0679012345679012,0.30130565,0.2913028,0.3056946
4081,GANGSTER A,"crouching tiger, hidden dragon","be you related to li mu bai ? you do n't seem to understand . in that case , perhaps we could be of assistance . hello . what be your name ?",0.0,0.4,0.0769230769230769,0.28007412,0.24983479,0.30378366
4197,MEEKS,dead poets society,"garden ? ahh ! eat it , dalton ! all right . 'll try anything once . how about trig study group ? right after dinner . he flatters me so 'll help him with latin . well , welcome to hell ton . we go to the wood because we want to suck all the marrow out of life . anybody want to read ? oh captain , my captain . what if we do n't know anything about someone like rahesh non ? oh , captain , my captain . be there poetry in math ? the hoi polloi . do n't it mean the herd ? meeks . carpe diem seize the day . good luck . if you have built castle in the air , your work need not be lose . that be where they should be . now put foundation under them . his grade be hurt , charlie . any group picture in the annual ? certainly would n't lose any sleep over it . it just bunch of people try to impress nolan .",0.3288690476190476,0.6383928571428572,0.0608108108108108,0.15169781,0.23936057,0.3013115
567,THOMAS SANDEFUR,the insider,"appreciate all that , jeff . but , upon reflection we 've decide to expand our zone of comfort with you . that why we hire scientist now , do n't be paranoid , jeff . about the direction of research here , we may have have our difference of opinion we work together for , what be it , three year ? ? ? now , the work we do here be confidential , not for public scrutiny any more than be one family matter yeah , know you do you know , come up through sale . one of the reason be great salesman , be never make promise could n't keep . knew that if ever broke my promise 'd suffer the consequence jeffrey say exactly what on his mind . most people consider what they 're say social skill jeffrey just charge right ahead . now , know you understood the nature of the confidentiality portion of your severance agreement with brown williamson , jeff and , he get out there and he have five stroke on u . he have more concentration than anybody 've ever met . it spooky how he can concentrate . jeff premiere golfer what be you , two handicap ?",0.3586309523809523,0.3961309523809523,0.0211640211640211,0.18644571,0.23961627,0.30120748
4032,PETER,copycat,"back in the driver seat again , doctor ? that old dream study u to see what make u sick . so you can find cure they 'd name it after you ? death be the only cure for people like me . oh , please . know what come , now . let me help you do n't have the talent for any of those thing . all have talent for be death . and be one of kind . what do you think of your student now ? have make you famous , be your creation and your monument . why do you do that ? do n't you have any idea how hard it be for me , to get that far ? worship you . you inspire me . thought you could understand me the way you understood the others . knew that about you the one you admire be the great murderer ; they fascinate you . we 'll keep talk . until they get here . then do n't talk to me about courage . know death , what it like to kill . you 're not killer you watch daryll lee kill that cop and you do n't make peep , because you be paralyze with fear . you chocked . know something else about you . no . not yet . you know where . do n't care she cop . that the important thing . , not . it wo n't be perfect , but it 'll be good . need her ; she cop . have to kill cop , and then oh , think you will . . ca n't get to you . you have to come to me . what be that ? what be hearing ? the sound of an epiphany , sudden blinding insight ? you thought be go to do ted bundy next , so you sent your partner you like that action ? do n't that cop on tv look solemn ? the guy in the basement do n't matter , anyway , just another lonely heart . hi . it your bad student , peter foley how do you grade me now , doctor ? she lie all the time . why would say fed her if do n't ? yes , fed her . if she say she hungry , she lie to you . again . why do n't we save it for later ? it almost time for letterman .",0.1365288220551378,0.6078320802005012,0.0367454068241469,0.35442528,0.37281913,0.30039224
